{
    "ad": {
        "c1": {
            "date": "02\/06\/22",
            "produits": {
                "iphone": {
                    "cip2": 4,
                    "cip3": 3
                },
                "samsung": {
                    "csa5": 1
                }
            },
            "total": 232.92,
            "etat": "Annuler"
        },
        "c2": {
            "date": "02\/06\/22",
            "produits": {
                "iphone": [],
                "samsung": {
                    "csa4": 3
                }
            },
            "total": 30,
            "etat": "Traitement"
        }
    }
}