{
    "Iphone": {
        "cip1": {
            "name": " Coque Iphone X",
            "description": "Les coques CY CASE sont les plus solides du march\u00e9. Test\u00e9 et approuv\u00e9 par nos chercheurs dans nos laboratoire fran\u00e7ais. Les coques CY CASE n'attendent plus qu'\u00e0 protoger votre smartphone contre les chutes du quotidien. Achetez-la d\u00e8s maintenant !",
            "image": "CoqueIphone\/cip1.jpg",
            "stock": 12,
            "prix": "24.99",
            "ref": "cip1"
        },
        "cip2": {
            "name": "Coque Iphone 11",
            "description": "Les coques CY CASE sont les plus solides du march\u00e9. Test\u00e9 et approuv\u00e9 par nos chercheurs dans nos laboratoire fran\u00e7ais. Les coques CY CASE n'attendent plus qu'\u00e0 protoger votre smartphone contre les chutes du quotidien. Achetez-la d\u00e8s maintenant !",
            "image": "CoqueIphone\/cip2.jpg",
            "stock": 17,
            "prix": "32.99",
            "ref": "cip2"
        },
        "cip3": {
            "name": "Coque Iphone 12",
            "description": "Les coques CY CASE sont les plus solides du march\u00e9. Test\u00e9 et approuv\u00e9 par nos chercheurs dans nos laboratoire fran\u00e7ais. Les coques CY CASE n'attendent plus qu'\u00e0 protoger votre smartphone contre les chutes du quotidien. Achetez-la d\u00e8s maintenant !",
            "image": "CoqueIphone\/cip3.jpg",
            "stock": 22,
            "prix": "29.99",
            "ref": "cip3"
        },
        "cip4": {
            "name": "Coque Iphone 13",
            "description": "Les coques CY CASE sont les plus solides du march\u00e9. Test\u00e9 et approuv\u00e9 par nos chercheurs dans nos laboratoire fran\u00e7ais. Les coques CY CASE n'attendent plus qu'\u00e0 protoger votre smartphone contre les chutes du quotidien. Achetez-la d\u00e8s maintenant !",
            "image": "CoqueIphone\/cip4.jpg",
            "stock": 19,
            "prix": "23.99",
            "ref": "cip4"
        },
        "cip5": {
            "name": "Coque Iphone 13 Pro",
            "description": "Les coques CY CASE sont les plus solides du march\u00e9. Test\u00e9 et approuv\u00e9 par nos chercheurs dans nos laboratoire fran\u00e7ais. Les coques CY CASE n'attendent plus qu'\u00e0 protoger votre smartphone contre les chutes du quotidien. Achetez-la d\u00e8s maintenant !",
            "image": "CoqueIphone\/cip5.jpg",
            "stock": 22,
            "prix": "26.00",
            "ref": "cip5"
        }
    },
    "Samsung": {
        "csa1": {
            "name": "Coque Samsung Galaxy S10",
            "description": "Les coques CY CASE sont les plus solides du march\u00e9. Test\u00e9 et approuv\u00e9 par nos chercheurs dans nos laboratoire fran\u00e7ais. Les coques CY CASE n'attendent plus qu'\u00e0 protoger votre smartphone contre les chutes du quotidien. Achetez-la d\u00e8s maintenant !",
            "image": "CoqueSamsung\/csa1.jpg",
            "stock": 63,
            "prix": "7",
            "ref": "csa1"
        },
        "csa2": {
            "name": "Coque Samsung Galaxy S20",
            "description": "Les coques CY CASE sont les plus solides du march\u00e9. Test\u00e9 et approuv\u00e9 par nos chercheurs dans nos laboratoire fran\u00e7ais. Les coques CY CASE n'attendent plus qu'\u00e0 protoger votre smartphone contre les chutes du quotidien. Achetez-la d\u00e8s maintenant !",
            "image": "CoqueSamsung\/csa2.jpg",
            "stock": 15,
            "prix": "8",
            "ref": "csa2"
        },
        "csa3": {
            "name": "Coque Samsung Galaxy S21",
            "description": "Les coques CY CASE sont les plus solides du march\u00e9. Test\u00e9 et approuv\u00e9 par nos chercheurs dans nos laboratoire fran\u00e7ais. Les coques CY CASE n'attendent plus qu'\u00e0 protoger votre smartphone contre les chutes du quotidien. Achetez-la d\u00e8s maintenant !",
            "image": "CoqueSamsung\/csa3.jpg",
            "stock": 10,
            "prix": "9",
            "ref": "csa3"
        },
        "csa4": {
            "name": "Coque Smasung Galaxy S22",
            "description": "Les coques CY CASE sont les plus solides du march\u00e9. Test\u00e9 et approuv\u00e9 par nos chercheurs dans nos laboratoire fran\u00e7ais. Les coques CY CASE n'attendent plus qu'\u00e0 protoger votre smartphone contre les chutes du quotidien. Achetez-la d\u00e8s maintenant !",
            "image": "CoqueSamsung\/csa4.jpg",
            "stock": 2,
            "prix": "10",
            "ref": "csa4"
        },
        "csa5": {
            "name": "Coque Samsung Galaxy S22 Ultra",
            "description": "Les coques CY CASE sont les plus solides du march\u00e9. Test\u00e9 et approuv\u00e9 par nos chercheurs dans nos laboratoire fran\u00e7ais. Les coques CY CASE n'attendent plus qu'\u00e0 protoger votre smartphone contre les chutes du quotidien. Achetez-la d\u00e8s maintenant !",
            "image": "CoqueSamsung\/csa5.jpg",
            "stock": 4,
            "prix": "10.99",
            "ref": "csa5"
        }
    },
    "GooglePixel": {
        "cgp1": {
            "name": "Coque Google Pixel 3",
            "description": "Les coques CY CASE sont les plus solides du march\u00e9. Test\u00e9 et approuv\u00e9 par nos chercheurs dans nos laboratoire fran\u00e7ais. Les coques CY CASE n'attendent plus qu'\u00e0 protoger votre smartphone contre les chutes du quotidien. Achetez-la d\u00e8s maintenant !",
            "image": "CoqueGooglePixel\/cgp1.jpg",
            "stock": 61,
            "prix": "16.99",
            "ref": "cgp1"
        },
        "cgp2": {
            "name": "Coque Google Pixel 4",
            "description": "Les coques CY CASE sont les plus solides du march\u00e9. Test\u00e9 et approuv\u00e9 par nos chercheurs dans nos laboratoire fran\u00e7ais. Les coques CY CASE n'attendent plus qu'\u00e0 protoger votre smartphone contre les chutes du quotidien. Achetez-la d\u00e8s maintenant !",
            "image": "CoqueGooglePixel\/cgp2.jpg",
            "stock": 26,
            "prix": "13.20",
            "ref": "cgp2"
        },
        "cgp3": {
            "name": "Coque Google Pixel 5",
            "description": "Les coques CY CASE sont les plus solides du march\u00e9. Test\u00e9 et approuv\u00e9 par nos chercheurs dans nos laboratoire fran\u00e7ais. Les coques CY CASE n'attendent plus qu'\u00e0 protoger votre smartphone contre les chutes du quotidien. Achetez-la d\u00e8s maintenant !",
            "image": "CoqueGooglePixel\/cgp3.jpg",
            "stock": 1,
            "prix": "11.50",
            "ref": "cgp3"
        },
        "cgp4": {
            "name": "Coque Google Pixel 5a",
            "description": "Les coques CY CASE sont les plus solides du march\u00e9. Test\u00e9 et approuv\u00e9 par nos chercheurs dans nos laboratoire fran\u00e7ais. Les coques CY CASE n'attendent plus qu'\u00e0 protoger votre smartphone contre les chutes du quotidien. Achetez-la d\u00e8s maintenant !",
            "image": "CoqueGooglePixel\/cgp4.jpg",
            "stock": 7,
            "prix": "10",
            "ref": "cgp4"
        },
        "cgp5": {
            "name": "Coque Google Pixel 6",
            "description": "Les coques CY CASE sont les plus solides du march\u00e9. Test\u00e9 et approuv\u00e9 par nos chercheurs dans nos laboratoire fran\u00e7ais. Les coques CY CASE n'attendent plus qu'\u00e0 protoger votre smartphone contre les chutes du quotidien. Achetez-la d\u00e8s maintenant !",
            "image": "CoqueGooglePixel\/cgp5.jpg",
            "stock": 52,
            "prix": "13",
            "ref": "cgp5"
        }
    }
}