<?xml version="1.0" encoding="utf-8"?>
<users>
    <user>
        <username>root</username>
        <mdp>root</mdp>
        <email>cytech@cy-tech.fr</email>
        <firstname>admin</firstname>
        <secondname>admin</secondname>
        <city>cergy</city>
        <bday>2022-06-02</bday>
        <number>0134251010</number>
        <rang>Admin</rang>
    </user>

    <user>
        <username>ad</username>
        <mdp>ad</mdp>
        <email>brignone.adrian@gmail.com</email>
        <firstname>ad</firstname>
        <secondname>ad</secondname>
        <rang>User</rang>
        <bday>2222-02-09</bday>
        <city>gre</city>
        <number>0781690851</number>
    </user>
</users>